what,where
aurelia/path/4aa908839ed9c50ada7214807ec4fbbc5e668aff/src/index.ts,aurelia/path/4aa908839ed9c50ada7214807ec4fbbc5e668aff/src/index.js
brix/crypto-js/e4ac157d8b75b962d6538fc0b996e5d4d5a9466b/src/core.js,
dckt/localhost-now/30b004c7f145d677df8800a106c2edc982313995/lib/app.js,
dckt/localhost-now/f12b06949298ebfc88e65a287cb71fa79c4e42ab/lib/app.js,
dojo/dojox/abd033a787c718abc1a390f480ac3ea61288e5ee/widget/RollingList.js,
dojo/dojox/d6b93d9e76752363a402bef31473ce2d2ae356d7/widget/RollingList.js,
ibmdb/node-ibm_db/d7e2d4b4cbeb6f067df8bba7d0b2ac5d40fcfc19/installer/driverInstall.js,
firefly-iii/firefly-iii/83518d7f9698f1eaaa8123a188739e6566799665/public/v1/js/ff/budgets/index.js,
jvvlee/merlinsboard/dc422a1284196556205b4d7585c29499d972ff58/app/assets/javascripts/views/courses/course_search.js,
marak/colors.js/074a0f8ed0c31c35d13d28632bd8a049ff136fb6/lib/index.js,
mvpoland/django-ajax-utilities/329eb1dd1580ca1f9d4f95bc69939833226515c9/django_ajax/static/ajax-utilities/js/pagination.js,
natelong/p4/ae42e251beabf67c00539ec0e1d7aa149ca445fb/p4.js,
rrainn/portprocesses/fffceb09aff7180afbd0bd172e820404b33c8299/cli.js,
sandstorm-io/sandstorm/d616a50002092037048a0a1c6546c8f6183cc861/shell/imports/constants.js,
sharpred/deephas/105a15b0bc4b1754a38389d3fefebdd5bcc26f45/deepHas.js,
sharpred/deephas/2fe011713a6178c50f7deb6f039a8e5435981e20/deepHas.js,
ultimatemember/ultimatemember/e7c86052ab4bd43e037196ca10ba395ac0d83cc4/assets/js/um-scripts.js,
ury-erp/ury/e44688efabccf2d7a3de2c7550cb4a34f419fb07/ury/public/js/pos_extend.js,
